<?xml version="1.0" encoding="UTF-8"?>
<export version="D">
  <design>
    <source>/Users/gwyllymsuter/Documents/Ole electronics stuff /EDUC-8 KiCAD/educ 8 timing /educ 8 timing .sch</source>
    <date>Wednesday, 26 May 2021 at 04:23:14 pm</date>
    <tool>Eeschema (5.1.10-1-10_14)</tool>
    <sheet number="1" name="/" tstamps="/">
      <title_block>
        <title>EDUC-8 TIMING </title>
        <company/>
        <rev>1</rev>
        <date>2019-07-20</date>
        <source>educ 8 timing .sch</source>
        <comment number="1" value=""/>
        <comment number="2" value=""/>
        <comment number="3" value=""/>
        <comment number="4" value=""/>
      </title_block>
    </sheet>
  </design>
  <components>
    <comp ref="U11">
      <value>74154</value>
      <footprint>Package_DIP:DIP-24_W15.24mm_LongPads</footprint>
      <libsource lib="74xx_IEEE" part="74154" description=""/>
      <sheetpath names="/" tstamps="/"/>
      <tstamp>5D39A718</tstamp>
    </comp>
    <comp ref="U5">
      <value>74LS161</value>
      <footprint>Package_DIP:DIP-16_W7.62mm_LongPads</footprint>
      <datasheet>http://www.ti.com/lit/gpn/sn74LS161</datasheet>
      <libsource lib="74xx" part="74LS161" description="Synchronous 4-bit programmable binary Counter"/>
      <sheetpath names="/" tstamps="/"/>
      <tstamp>5D39B771</tstamp>
    </comp>
    <comp ref="U4">
      <value>74LS10</value>
      <footprint>Package_DIP:DIP-14_W7.62mm_LongPads</footprint>
      <datasheet>http://www.ti.com/lit/gpn/sn74LS10</datasheet>
      <libsource lib="74xx" part="74LS10" description="Triple 3-input NAND"/>
      <sheetpath names="/" tstamps="/"/>
      <tstamp>5D3AB97F</tstamp>
    </comp>
    <comp ref="U10">
      <value>74LS00</value>
      <footprint>Package_DIP:DIP-14_W7.62mm_LongPads</footprint>
      <datasheet>http://www.ti.com/lit/gpn/sn74ls00</datasheet>
      <libsource lib="74xx" part="74LS00" description="quad 2-input NAND gate"/>
      <sheetpath names="/" tstamps="/"/>
      <tstamp>5D3C1777</tstamp>
    </comp>
    <comp ref="U2">
      <value>74LS00</value>
      <footprint>Package_DIP:DIP-14_W7.62mm_LongPads</footprint>
      <datasheet>http://www.ti.com/lit/gpn/sn74ls00</datasheet>
      <libsource lib="74xx" part="74LS00" description="quad 2-input NAND gate"/>
      <sheetpath names="/" tstamps="/"/>
      <tstamp>5D3C4D4C</tstamp>
    </comp>
    <comp ref="U3">
      <value>74LS04</value>
      <footprint>Package_DIP:DIP-14_W7.62mm_LongPads</footprint>
      <datasheet>http://www.ti.com/lit/gpn/sn74LS04</datasheet>
      <libsource lib="74xx" part="74LS04" description="Hex Inverter"/>
      <sheetpath names="/" tstamps="/"/>
      <tstamp>5D3D17E3</tstamp>
    </comp>
    <comp ref="U8">
      <value>74LS00</value>
      <footprint>Package_DIP:DIP-14_W7.62mm_LongPads</footprint>
      <datasheet>http://www.ti.com/lit/gpn/sn74ls00</datasheet>
      <libsource lib="74xx" part="74LS00" description="quad 2-input NAND gate"/>
      <sheetpath names="/" tstamps="/"/>
      <tstamp>5D3F3DA8</tstamp>
    </comp>
    <comp ref="U9">
      <value>74LS00</value>
      <footprint>Package_DIP:DIP-14_W7.62mm_LongPads</footprint>
      <datasheet>http://www.ti.com/lit/gpn/sn74ls00</datasheet>
      <libsource lib="74xx" part="74LS00" description="quad 2-input NAND gate"/>
      <sheetpath names="/" tstamps="/"/>
      <tstamp>5D4314B7</tstamp>
    </comp>
    <comp ref="U15">
      <value>74LS04</value>
      <footprint>Package_DIP:DIP-14_W7.62mm_LongPads</footprint>
      <datasheet>http://www.ti.com/lit/gpn/sn74LS04</datasheet>
      <libsource lib="74xx" part="74LS04" description="Hex Inverter"/>
      <sheetpath names="/" tstamps="/"/>
      <tstamp>5D43B70F</tstamp>
    </comp>
    <comp ref="U16">
      <value>74LS00</value>
      <footprint>Package_DIP:DIP-14_W7.62mm_LongPads</footprint>
      <datasheet>http://www.ti.com/lit/gpn/sn74ls00</datasheet>
      <libsource lib="74xx" part="74LS00" description="quad 2-input NAND gate"/>
      <sheetpath names="/" tstamps="/"/>
      <tstamp>5D4A0F0D</tstamp>
    </comp>
    <comp ref="U17">
      <value>74LS04</value>
      <footprint>Package_DIP:DIP-14_W7.62mm_LongPads</footprint>
      <datasheet>http://www.ti.com/lit/gpn/sn74LS04</datasheet>
      <libsource lib="74xx" part="74LS04" description="Hex Inverter"/>
      <sheetpath names="/" tstamps="/"/>
      <tstamp>5D4D4E68</tstamp>
    </comp>
    <comp ref="U12">
      <value>74LS73</value>
      <footprint>Package_DIP:DIP-14_W7.62mm_LongPads</footprint>
      <datasheet>http://www.ti.com/lit/gpn/sn74LS73</datasheet>
      <libsource lib="74xx" part="74LS73" description="Dual JK Flip-Flop, reset"/>
      <sheetpath names="/" tstamps="/"/>
      <tstamp>5D523822</tstamp>
    </comp>
    <comp ref="U19">
      <value>74LS10</value>
      <footprint>Package_DIP:DIP-14_W7.62mm_LongPads</footprint>
      <datasheet>http://www.ti.com/lit/gpn/sn74LS10</datasheet>
      <libsource lib="74xx" part="74LS10" description="Triple 3-input NAND"/>
      <sheetpath names="/" tstamps="/"/>
      <tstamp>5D492505</tstamp>
    </comp>
    <comp ref="U20">
      <value>74LS04</value>
      <footprint>Package_DIP:DIP-14_W7.62mm_LongPads</footprint>
      <datasheet>http://www.ti.com/lit/gpn/sn74LS04</datasheet>
      <libsource lib="74xx" part="74LS04" description="Hex Inverter"/>
      <sheetpath names="/" tstamps="/"/>
      <tstamp>5D4952EE</tstamp>
    </comp>
    <comp ref="U1">
      <value>74LS20</value>
      <footprint>Package_DIP:DIP-14_W7.62mm_LongPads</footprint>
      <datasheet>http://www.ti.com/lit/gpn/sn74LS20</datasheet>
      <libsource lib="74xx" part="74LS20" description="Dual 4-input NAND"/>
      <sheetpath names="/" tstamps="/"/>
      <tstamp>5D509D7F</tstamp>
    </comp>
    <comp ref="Q1">
      <value>BC108</value>
      <footprint>Package_TO_SOT_THT:TO-18-3</footprint>
      <datasheet>http://www.b-kainka.de/Daten/Transistor/BC108.pdf</datasheet>
      <libsource lib="Transistor_BJT" part="BC108" description="0.1A Ic, 30V Vce, Low Noise General Purpose NPN Transistor, TO-18"/>
      <sheetpath names="/" tstamps="/"/>
      <tstamp>5DB14319</tstamp>
    </comp>
    <comp ref="C1">
      <value>22pF</value>
      <footprint>Capacitor_THT:C_Disc_D7.0mm_W2.5mm_P5.00mm</footprint>
      <datasheet>~</datasheet>
      <libsource lib="Device" part="C" description="Unpolarized capacitor"/>
      <sheetpath names="/" tstamps="/"/>
      <tstamp>5DB1604E</tstamp>
    </comp>
    <comp ref="R2">
      <value>470R</value>
      <footprint>Resistor_THT:R_Axial_DIN0309_L9.0mm_D3.2mm_P12.70mm_Horizontal</footprint>
      <datasheet>~</datasheet>
      <libsource lib="Device" part="R" description="Resistor"/>
      <sheetpath names="/" tstamps="/"/>
      <tstamp>5DB1791B</tstamp>
    </comp>
    <comp ref="R1">
      <value>2k2</value>
      <footprint>Resistor_THT:R_Axial_DIN0309_L9.0mm_D3.2mm_P12.70mm_Horizontal</footprint>
      <datasheet>~</datasheet>
      <libsource lib="Device" part="R" description="Resistor"/>
      <sheetpath names="/" tstamps="/"/>
      <tstamp>5DB18FCC</tstamp>
    </comp>
    <comp ref="U6">
      <value>74LS13</value>
      <footprint>Package_DIP:DIP-14_W7.62mm_LongPads</footprint>
      <datasheet>http://www.ti.com/lit/gpn/sn74LS13</datasheet>
      <libsource lib="74xx" part="74LS13" description="Dual 4-input NAND Schmitt trigger"/>
      <sheetpath names="/" tstamps="/"/>
      <tstamp>5DB7E066</tstamp>
    </comp>
    <comp ref="R3">
      <value>10k</value>
      <footprint>Resistor_THT:R_Axial_DIN0309_L9.0mm_D3.2mm_P12.70mm_Horizontal</footprint>
      <datasheet>~</datasheet>
      <libsource lib="Device" part="R" description="Resistor"/>
      <sheetpath names="/" tstamps="/"/>
      <tstamp>5DD1E92E</tstamp>
    </comp>
    <comp ref="U13">
      <value>7400</value>
      <footprint>Package_DIP:DIP-14_W7.62mm_LongPads</footprint>
      <datasheet>http://www.ti.com/lit/gpn/sn7400</datasheet>
      <libsource lib="74xx" part="7400" description="quad 2-input NAND gate"/>
      <sheetpath names="/" tstamps="/"/>
      <tstamp>5DE55D3F</tstamp>
    </comp>
    <comp ref="R4">
      <value>2K2</value>
      <footprint>Resistor_THT:R_Axial_DIN0309_L9.0mm_D3.2mm_P12.70mm_Horizontal</footprint>
      <datasheet>~</datasheet>
      <libsource lib="Device" part="R" description="Resistor"/>
      <sheetpath names="/" tstamps="/"/>
      <tstamp>5E40A012</tstamp>
    </comp>
    <comp ref="U18">
      <value>7400</value>
      <footprint>Package_DIP:DIP-14_W7.62mm_LongPads</footprint>
      <datasheet>http://www.ti.com/lit/gpn/sn7400</datasheet>
      <libsource lib="74xx" part="7400" description="quad 2-input NAND gate"/>
      <sheetpath names="/" tstamps="/"/>
      <tstamp>5D3F8BDC</tstamp>
    </comp>
    <comp ref="U14">
      <value>74LS73</value>
      <footprint>Package_DIP:DIP-14_W7.62mm_LongPads</footprint>
      <datasheet>http://www.ti.com/lit/gpn/sn74LS73</datasheet>
      <libsource lib="74xx" part="74LS73" description="Dual JK Flip-Flop, reset"/>
      <sheetpath names="/" tstamps="/"/>
      <tstamp>5EA6C420</tstamp>
    </comp>
    <comp ref="U7">
      <value>7400</value>
      <footprint>Package_DIP:DIP-14_W7.62mm_LongPads</footprint>
      <datasheet>http://www.ti.com/lit/gpn/sn7400</datasheet>
      <libsource lib="74xx" part="7400" description="quad 2-input NAND gate"/>
      <sheetpath names="/" tstamps="/"/>
      <tstamp>5EA71494</tstamp>
    </comp>
    <comp ref="U21">
      <value>7400</value>
      <footprint>Package_DIP:DIP-14_W7.62mm_LongPads</footprint>
      <datasheet>http://www.ti.com/lit/gpn/sn7400</datasheet>
      <libsource lib="74xx" part="7400" description="quad 2-input NAND gate"/>
      <sheetpath names="/" tstamps="/"/>
      <tstamp>5F4E8FBA</tstamp>
    </comp>
    <comp ref="C2">
      <value>47uF</value>
      <footprint>Capacitor_THT:CP_Radial_D6.3mm_P2.50mm</footprint>
      <datasheet>~</datasheet>
      <libsource lib="Device" part="CP" description="Polarized capacitor"/>
      <sheetpath names="/" tstamps="/"/>
      <tstamp>5F843005</tstamp>
    </comp>
    <comp ref="R5">
      <value>100K</value>
      <footprint>Resistor_THT:R_Axial_DIN0309_L9.0mm_D3.2mm_P12.70mm_Horizontal</footprint>
      <datasheet>~</datasheet>
      <libsource lib="Device" part="R" description="Resistor"/>
      <sheetpath names="/" tstamps="/"/>
      <tstamp>5F8460C2</tstamp>
    </comp>
    <comp ref="R6">
      <value>R</value>
      <footprint>Resistor_THT:R_Axial_DIN0309_L9.0mm_D3.2mm_P12.70mm_Horizontal</footprint>
      <datasheet>~</datasheet>
      <libsource lib="Device" part="R" description="Resistor"/>
      <sheetpath names="/" tstamps="/"/>
      <tstamp>5F84887B</tstamp>
    </comp>
    <comp ref="C3">
      <value>100nf</value>
      <footprint>Capacitor_THT:C_Disc_D7.0mm_W2.5mm_P5.00mm</footprint>
      <datasheet>~</datasheet>
      <libsource lib="Device" part="C" description="Unpolarized capacitor"/>
      <sheetpath names="/" tstamps="/"/>
      <tstamp>60D1C8F7</tstamp>
    </comp>
    <comp ref="C4">
      <value>C</value>
      <footprint>Capacitor_THT:C_Disc_D7.0mm_W2.5mm_P5.00mm</footprint>
      <datasheet>~</datasheet>
      <libsource lib="Device" part="C" description="Unpolarized capacitor"/>
      <sheetpath names="/" tstamps="/"/>
      <tstamp>60D1F4CC</tstamp>
    </comp>
    <comp ref="C5">
      <value>C</value>
      <footprint>Capacitor_THT:C_Disc_D7.0mm_W2.5mm_P5.00mm</footprint>
      <datasheet>~</datasheet>
      <libsource lib="Device" part="C" description="Unpolarized capacitor"/>
      <sheetpath names="/" tstamps="/"/>
      <tstamp>60D21F9F</tstamp>
    </comp>
    <comp ref="C6">
      <value>C</value>
      <footprint>Capacitor_THT:C_Disc_D7.0mm_W2.5mm_P5.00mm</footprint>
      <datasheet>~</datasheet>
      <libsource lib="Device" part="C" description="Unpolarized capacitor"/>
      <sheetpath names="/" tstamps="/"/>
      <tstamp>60D24CC3</tstamp>
    </comp>
    <comp ref="C7">
      <value>C</value>
      <footprint>Capacitor_THT:C_Disc_D7.0mm_W2.5mm_P5.00mm</footprint>
      <datasheet>~</datasheet>
      <libsource lib="Device" part="C" description="Unpolarized capacitor"/>
      <sheetpath names="/" tstamps="/"/>
      <tstamp>60D27B80</tstamp>
    </comp>
    <comp ref="C8">
      <value>C</value>
      <footprint>Capacitor_THT:C_Disc_D7.0mm_W2.5mm_P5.00mm</footprint>
      <datasheet>~</datasheet>
      <libsource lib="Device" part="C" description="Unpolarized capacitor"/>
      <sheetpath names="/" tstamps="/"/>
      <tstamp>60D2A7D7</tstamp>
    </comp>
    <comp ref="C9">
      <value>C</value>
      <footprint>Capacitor_THT:C_Disc_D7.0mm_W2.5mm_P5.00mm</footprint>
      <datasheet>~</datasheet>
      <libsource lib="Device" part="C" description="Unpolarized capacitor"/>
      <sheetpath names="/" tstamps="/"/>
      <tstamp>60D2D166</tstamp>
    </comp>
    <comp ref="C10">
      <value>C</value>
      <footprint>Capacitor_THT:C_Disc_D7.0mm_W2.5mm_P5.00mm</footprint>
      <datasheet>~</datasheet>
      <libsource lib="Device" part="C" description="Unpolarized capacitor"/>
      <sheetpath names="/" tstamps="/"/>
      <tstamp>60D2FC32</tstamp>
    </comp>
    <comp ref="R7">
      <value>2k2</value>
      <footprint>Resistor_THT:R_Axial_DIN0309_L9.0mm_D3.2mm_P12.70mm_Horizontal</footprint>
      <datasheet>~</datasheet>
      <libsource lib="Device" part="R" description="Resistor"/>
      <sheetpath names="/" tstamps="/"/>
      <tstamp>6130CCD9</tstamp>
    </comp>
    <comp ref="J1">
      <value>36-way-pcb-edge</value>
      <footprint>EDUC_8:PCB_36pin</footprint>
      <libsource lib="educ-8-timing--rescue" part="36-way-pcb-edge-Educ-8-connectors" description=""/>
      <sheetpath names="/" tstamps="/"/>
      <tstamp>5D98B5D5</tstamp>
    </comp>
  </components>
  <libparts>
    <libpart lib="74xx" part="74LS00">
      <aliases>
        <alias>74LS37</alias>
        <alias>7400</alias>
        <alias>74HCT00</alias>
        <alias>74HC00</alias>
      </aliases>
      <description>quad 2-input NAND gate</description>
      <docs>http://www.ti.com/lit/gpn/sn74ls00</docs>
      <footprints>
        <fp>DIP*W7.62mm*</fp>
        <fp>SO14*</fp>
      </footprints>
      <fields>
        <field name="Reference">U</field>
        <field name="Value">74LS00</field>
      </fields>
      <pins>
        <pin num="1" name="~" type="input"/>
        <pin num="2" name="~" type="input"/>
        <pin num="3" name="~" type="output"/>
        <pin num="4" name="~" type="input"/>
        <pin num="5" name="~" type="input"/>
        <pin num="6" name="~" type="output"/>
        <pin num="7" name="GND" type="power_in"/>
        <pin num="8" name="~" type="output"/>
        <pin num="9" name="~" type="input"/>
        <pin num="10" name="~" type="input"/>
        <pin num="11" name="~" type="output"/>
        <pin num="12" name="~" type="input"/>
        <pin num="13" name="~" type="input"/>
        <pin num="14" name="VCC" type="power_in"/>
      </pins>
    </libpart>
    <libpart lib="74xx" part="74LS04">
      <aliases>
        <alias>74HC04</alias>
        <alias>74HCT04</alias>
        <alias>74AHC04</alias>
        <alias>74AHCT04</alias>
      </aliases>
      <description>Hex Inverter</description>
      <docs>http://www.ti.com/lit/gpn/sn74LS04</docs>
      <footprints>
        <fp>DIP*W7.62mm*</fp>
        <fp>SSOP?14*</fp>
        <fp>TSSOP?14*</fp>
      </footprints>
      <fields>
        <field name="Reference">U</field>
        <field name="Value">74LS04</field>
      </fields>
      <pins>
        <pin num="1" name="~" type="input"/>
        <pin num="2" name="~" type="output"/>
        <pin num="3" name="~" type="input"/>
        <pin num="4" name="~" type="output"/>
        <pin num="5" name="~" type="input"/>
        <pin num="6" name="~" type="output"/>
        <pin num="7" name="GND" type="power_in"/>
        <pin num="8" name="~" type="output"/>
        <pin num="9" name="~" type="input"/>
        <pin num="10" name="~" type="output"/>
        <pin num="11" name="~" type="input"/>
        <pin num="12" name="~" type="output"/>
        <pin num="13" name="~" type="input"/>
        <pin num="14" name="VCC" type="power_in"/>
      </pins>
    </libpart>
    <libpart lib="74xx" part="74LS10">
      <description>Triple 3-input NAND</description>
      <docs>http://www.ti.com/lit/gpn/sn74LS10</docs>
      <footprints>
        <fp>DIP*W7.62mm*</fp>
      </footprints>
      <fields>
        <field name="Reference">U</field>
        <field name="Value">74LS10</field>
      </fields>
      <pins>
        <pin num="1" name="~" type="input"/>
        <pin num="2" name="~" type="input"/>
        <pin num="3" name="~" type="input"/>
        <pin num="4" name="~" type="input"/>
        <pin num="5" name="~" type="input"/>
        <pin num="6" name="~" type="output"/>
        <pin num="7" name="GND" type="power_in"/>
        <pin num="8" name="~" type="output"/>
        <pin num="9" name="~" type="input"/>
        <pin num="10" name="~" type="input"/>
        <pin num="11" name="~" type="input"/>
        <pin num="12" name="~" type="output"/>
        <pin num="13" name="~" type="input"/>
        <pin num="14" name="VCC" type="power_in"/>
      </pins>
    </libpart>
    <libpart lib="74xx" part="74LS13">
      <description>Dual 4-input NAND Schmitt trigger</description>
      <docs>http://www.ti.com/lit/gpn/sn74LS13</docs>
      <footprints>
        <fp>DIP*W7.62mm*</fp>
      </footprints>
      <fields>
        <field name="Reference">U</field>
        <field name="Value">74LS13</field>
      </fields>
      <pins>
        <pin num="1" name="~" type="input"/>
        <pin num="2" name="~" type="input"/>
        <pin num="4" name="~" type="input"/>
        <pin num="5" name="~" type="input"/>
        <pin num="6" name="~" type="output"/>
        <pin num="7" name="GND" type="power_in"/>
        <pin num="8" name="~" type="output"/>
        <pin num="9" name="~" type="input"/>
        <pin num="10" name="~" type="input"/>
        <pin num="12" name="~" type="input"/>
        <pin num="13" name="~" type="input"/>
        <pin num="14" name="VCC" type="power_in"/>
      </pins>
    </libpart>
    <libpart lib="74xx" part="74LS161">
      <aliases>
        <alias>74LS160</alias>
        <alias>74LS162</alias>
        <alias>74LS163</alias>
      </aliases>
      <description>Synchronous 4-bit programmable binary Counter</description>
      <docs>http://www.ti.com/lit/gpn/sn74LS161</docs>
      <footprints>
        <fp>DIP?16*</fp>
      </footprints>
      <fields>
        <field name="Reference">U</field>
        <field name="Value">74LS161</field>
      </fields>
      <pins>
        <pin num="1" name="~MR" type="input"/>
        <pin num="2" name="CP" type="input"/>
        <pin num="3" name="D0" type="input"/>
        <pin num="4" name="D1" type="input"/>
        <pin num="5" name="D2" type="input"/>
        <pin num="6" name="D3" type="input"/>
        <pin num="7" name="CEP" type="input"/>
        <pin num="8" name="GND" type="power_in"/>
        <pin num="9" name="~PE" type="input"/>
        <pin num="10" name="CET" type="input"/>
        <pin num="11" name="Q3" type="output"/>
        <pin num="12" name="Q2" type="output"/>
        <pin num="13" name="Q1" type="output"/>
        <pin num="14" name="Q0" type="output"/>
        <pin num="15" name="TC" type="output"/>
        <pin num="16" name="VCC" type="power_in"/>
      </pins>
    </libpart>
    <libpart lib="74xx" part="74LS20">
      <aliases>
        <alias>74LS22</alias>
        <alias>74LS40</alias>
      </aliases>
      <description>Dual 4-input NAND</description>
      <docs>http://www.ti.com/lit/gpn/sn74LS20</docs>
      <footprints>
        <fp>DIP?12*</fp>
      </footprints>
      <fields>
        <field name="Reference">U</field>
        <field name="Value">74LS20</field>
      </fields>
      <pins>
        <pin num="1" name="~" type="input"/>
        <pin num="2" name="~" type="input"/>
        <pin num="4" name="~" type="input"/>
        <pin num="5" name="~" type="input"/>
        <pin num="6" name="~" type="output"/>
        <pin num="7" name="GND" type="power_in"/>
        <pin num="8" name="~" type="output"/>
        <pin num="9" name="~" type="input"/>
        <pin num="10" name="~" type="input"/>
        <pin num="12" name="~" type="input"/>
        <pin num="13" name="~" type="input"/>
        <pin num="14" name="VCC" type="power_in"/>
      </pins>
    </libpart>
    <libpart lib="74xx" part="74LS73">
      <description>Dual JK Flip-Flop, reset</description>
      <docs>http://www.ti.com/lit/gpn/sn74LS73</docs>
      <footprints>
        <fp>DIP*W7.62mm*</fp>
      </footprints>
      <fields>
        <field name="Reference">U</field>
        <field name="Value">74LS73</field>
      </fields>
      <pins>
        <pin num="1" name="C" type="input"/>
        <pin num="2" name="~R" type="input"/>
        <pin num="3" name="K" type="input"/>
        <pin num="4" name="VCC" type="power_in"/>
        <pin num="5" name="C" type="input"/>
        <pin num="6" name="~R" type="input"/>
        <pin num="7" name="J" type="input"/>
        <pin num="8" name="~Q" type="output"/>
        <pin num="9" name="Q" type="output"/>
        <pin num="10" name="K" type="input"/>
        <pin num="11" name="GND" type="power_in"/>
        <pin num="12" name="Q" type="output"/>
        <pin num="13" name="~Q" type="output"/>
        <pin num="14" name="J" type="input"/>
      </pins>
    </libpart>
    <libpart lib="74xx_IEEE" part="74154">
      <fields>
        <field name="Reference">U</field>
        <field name="Value">74154</field>
      </fields>
      <pins>
        <pin num="1" name="~S0" type="output"/>
        <pin num="2" name="~S1" type="output"/>
        <pin num="3" name="~S2" type="output"/>
        <pin num="4" name="~S3" type="output"/>
        <pin num="5" name="~S4" type="output"/>
        <pin num="6" name="~S5" type="output"/>
        <pin num="7" name="~S6" type="output"/>
        <pin num="8" name="~S7" type="output"/>
        <pin num="9" name="~S8" type="output"/>
        <pin num="10" name="~S9" type="output"/>
        <pin num="11" name="~S10" type="output"/>
        <pin num="12" name="GND" type="power_in"/>
        <pin num="13" name="~S11" type="output"/>
        <pin num="14" name="~S12" type="output"/>
        <pin num="15" name="~S13" type="input"/>
        <pin num="16" name="~S14" type="output"/>
        <pin num="17" name="~S15" type="output"/>
        <pin num="18" name="~E0" type="input"/>
        <pin num="19" name="~E1" type="input"/>
        <pin num="20" name="A3" type="input"/>
        <pin num="21" name="A2" type="input"/>
        <pin num="22" name="A1" type="input"/>
        <pin num="23" name="A0" type="input"/>
        <pin num="24" name="VCC" type="power_in"/>
      </pins>
    </libpart>
    <libpart lib="Device" part="C">
      <description>Unpolarized capacitor</description>
      <docs>~</docs>
      <footprints>
        <fp>C_*</fp>
      </footprints>
      <fields>
        <field name="Reference">C</field>
        <field name="Value">C</field>
      </fields>
      <pins>
        <pin num="1" name="~" type="passive"/>
        <pin num="2" name="~" type="passive"/>
      </pins>
    </libpart>
    <libpart lib="Device" part="CP">
      <description>Polarized capacitor</description>
      <docs>~</docs>
      <footprints>
        <fp>CP_*</fp>
      </footprints>
      <fields>
        <field name="Reference">C</field>
        <field name="Value">CP</field>
      </fields>
      <pins>
        <pin num="1" name="~" type="passive"/>
        <pin num="2" name="~" type="passive"/>
      </pins>
    </libpart>
    <libpart lib="Device" part="R">
      <description>Resistor</description>
      <docs>~</docs>
      <footprints>
        <fp>R_*</fp>
      </footprints>
      <fields>
        <field name="Reference">R</field>
        <field name="Value">R</field>
      </fields>
      <pins>
        <pin num="1" name="~" type="passive"/>
        <pin num="2" name="~" type="passive"/>
      </pins>
    </libpart>
    <libpart lib="Transistor_BJT" part="BC107">
      <aliases>
        <alias>BC108</alias>
        <alias>BC109</alias>
      </aliases>
      <description>0.1A Ic, 50V Vce, Low Noise General Purpose NPN Transistor, TO-18</description>
      <docs>http://www.b-kainka.de/Daten/Transistor/BC108.pdf</docs>
      <footprints>
        <fp>TO?18*</fp>
      </footprints>
      <fields>
        <field name="Reference">Q</field>
        <field name="Value">BC107</field>
        <field name="Footprint">Package_TO_SOT_THT:TO-18-3</field>
      </fields>
      <pins>
        <pin num="1" name="E" type="passive"/>
        <pin num="2" name="B" type="input"/>
        <pin num="3" name="C" type="passive"/>
      </pins>
    </libpart>
    <libpart lib="educ-8-timing--rescue" part="36-way-pcb-edge-Educ-8-connectors">
      <fields>
        <field name="Reference">J</field>
        <field name="Value">36-way-pcb-edge-Educ-8-connectors</field>
      </fields>
      <pins>
        <pin num="1" name="1" type="input"/>
        <pin num="2" name="2" type="input"/>
        <pin num="3" name="3" type="input"/>
        <pin num="4" name="4" type="input"/>
        <pin num="5" name="5" type="input"/>
        <pin num="6" name="6" type="input"/>
        <pin num="7" name="7" type="input"/>
        <pin num="8" name="8" type="input"/>
        <pin num="9" name="9" type="input"/>
        <pin num="10" name="10" type="input"/>
        <pin num="11" name="11" type="input"/>
        <pin num="12" name="12" type="input"/>
        <pin num="13" name="13" type="input"/>
        <pin num="14" name="14" type="input"/>
        <pin num="15" name="15" type="input"/>
        <pin num="16" name="16" type="input"/>
        <pin num="17" name="17" type="input"/>
        <pin num="18" name="18" type="input"/>
        <pin num="19" name="19" type="input"/>
        <pin num="20" name="20" type="input"/>
        <pin num="21" name="21" type="input"/>
        <pin num="22" name="22" type="input"/>
        <pin num="23" name="23" type="input"/>
        <pin num="24" name="24" type="input"/>
        <pin num="25" name="25" type="input"/>
        <pin num="26" name="26" type="input"/>
        <pin num="27" name="27" type="input"/>
        <pin num="28" name="28" type="input"/>
        <pin num="29" name="29" type="input"/>
        <pin num="30" name="30" type="input"/>
        <pin num="31" name="31" type="input"/>
        <pin num="32" name="32" type="input"/>
        <pin num="33" name="33" type="input"/>
        <pin num="34" name="34" type="input"/>
        <pin num="35" name="35" type="input"/>
        <pin num="36" name="36" type="input"/>
      </pins>
    </libpart>
  </libparts>
  <libraries>
    <library logical="74xx">
      <uri>/Library/Application Support/kicad/library/74xx.lib</uri>
    </library>
    <library logical="74xx_IEEE">
      <uri>/Library/Application Support/kicad/library/74xx_IEEE.lib</uri>
    </library>
    <library logical="Device">
      <uri>/Library/Application Support/kicad/library/Device.lib</uri>
    </library>
    <library logical="Transistor_BJT">
      <uri>/Library/Application Support/kicad/library/Transistor_BJT.lib</uri>
    </library>
    <library logical="educ-8-timing--rescue">
      <uri>/Users/gwyllymsuter/Documents/Ole electronics stuff /EDUC-8 KiCAD/educ 8 timing /educ 8 timing -rescue.lib</uri>
    </library>
  </libraries>
  <nets>
    <net code="1" name="Net-(U11-Pad14)">
      <node ref="U11" pin="14"/>
    </net>
    <net code="2" name="Net-(U11-Pad15)">
      <node ref="U11" pin="15"/>
    </net>
    <net code="3" name="Net-(U11-Pad16)">
      <node ref="U11" pin="16"/>
    </net>
    <net code="4" name="Net-(U11-Pad17)">
      <node ref="U11" pin="17"/>
    </net>
    <net code="5" name="Net-(U10-Pad12)">
      <node ref="U11" pin="7"/>
      <node ref="U10" pin="12"/>
    </net>
    <net code="6" name="Net-(U11-Pad20)">
      <node ref="U5" pin="11"/>
      <node ref="U11" pin="20"/>
    </net>
    <net code="7" name="Net-(U11-Pad21)">
      <node ref="U5" pin="12"/>
      <node ref="U11" pin="21"/>
    </net>
    <net code="8" name="Net-(U11-Pad22)">
      <node ref="U11" pin="22"/>
      <node ref="U5" pin="13"/>
    </net>
    <net code="9" name="Net-(U11-Pad23)">
      <node ref="U11" pin="23"/>
      <node ref="U5" pin="14"/>
    </net>
    <net code="10" name="Net-(U5-Pad15)">
      <node ref="U5" pin="15"/>
    </net>
    <net code="11" name="Net-(R4-Pad2)">
      <node ref="U5" pin="10"/>
      <node ref="R4" pin="2"/>
      <node ref="U5" pin="7"/>
    </net>
    <net code="12" name="Net-(U3-Pad2)">
      <node ref="U4" pin="11"/>
      <node ref="U3" pin="2"/>
    </net>
    <net code="13" name="Net-(U11-Pad5)">
      <node ref="U4" pin="1"/>
      <node ref="U11" pin="5"/>
    </net>
    <net code="14" name="Net-(U11-Pad3)">
      <node ref="U11" pin="3"/>
      <node ref="U4" pin="13"/>
    </net>
    <net code="15" name="Net-(U11-Pad4)">
      <node ref="U11" pin="4"/>
      <node ref="U4" pin="2"/>
    </net>
    <net code="16" name="Net-(U11-Pad8)">
      <node ref="U4" pin="3"/>
      <node ref="U11" pin="8"/>
    </net>
    <net code="17" name="Net-(U11-Pad9)">
      <node ref="U11" pin="9"/>
      <node ref="U4" pin="4"/>
    </net>
    <net code="18" name="Net-(U11-Pad10)">
      <node ref="U11" pin="10"/>
      <node ref="U4" pin="5"/>
    </net>
    <net code="19" name="Net-(U10-Pad11)">
      <node ref="U3" pin="9"/>
      <node ref="U10" pin="11"/>
    </net>
    <net code="20" name="Net-(U10-Pad13)">
      <node ref="U11" pin="6"/>
      <node ref="U10" pin="13"/>
    </net>
    <net code="21" name="Net-(U3-Pad1)">
      <node ref="U3" pin="1"/>
      <node ref="U4" pin="12"/>
    </net>
    <net code="22" name="Net-(U3-Pad3)">
      <node ref="U3" pin="3"/>
      <node ref="U4" pin="6"/>
    </net>
    <net code="23" name="Net-(U10-Pad2)">
      <node ref="U10" pin="2"/>
      <node ref="U4" pin="10"/>
      <node ref="U3" pin="4"/>
    </net>
    <net code="24" name="~T0+T12">
      <node ref="U1" pin="12"/>
      <node ref="J1" pin="9"/>
      <node ref="U11" pin="1"/>
      <node ref="U3" pin="13"/>
    </net>
    <net code="25" name="Net-(U2-Pad12)">
      <node ref="U2" pin="12"/>
      <node ref="U3" pin="12"/>
    </net>
    <net code="26" name="Net-(U2-Pad11)">
      <node ref="U2" pin="11"/>
      <node ref="U8" pin="12"/>
      <node ref="U8" pin="13"/>
    </net>
    <net code="27" name="Net-(U8-Pad10)">
      <node ref="U8" pin="11"/>
      <node ref="U8" pin="10"/>
    </net>
    <net code="28" name="Net-(U11-Pad2)">
      <node ref="U11" pin="2"/>
      <node ref="U3" pin="11"/>
    </net>
    <net code="29" name="Net-(U15-Pad3)">
      <node ref="U9" pin="6"/>
      <node ref="U15" pin="3"/>
    </net>
    <net code="30" name="~T0.5">
      <node ref="J1" pin="8"/>
      <node ref="U8" pin="8"/>
    </net>
    <net code="31" name="T1">
      <node ref="U15" pin="4"/>
      <node ref="J1" pin="16"/>
    </net>
    <net code="32" name="Net-(U3-Pad10)">
      <node ref="U9" pin="4"/>
      <node ref="U3" pin="10"/>
      <node ref="U9" pin="2"/>
    </net>
    <net code="33" name="Net-(U15-Pad1)">
      <node ref="U9" pin="3"/>
      <node ref="U15" pin="1"/>
    </net>
    <net code="34" name="T13">
      <node ref="J1" pin="14"/>
      <node ref="U15" pin="2"/>
    </net>
    <net code="35" name="Net-(U10-Pad10)">
      <node ref="U9" pin="13"/>
      <node ref="U9" pin="10"/>
      <node ref="U4" pin="8"/>
      <node ref="U10" pin="4"/>
      <node ref="U10" pin="10"/>
    </net>
    <net code="36" name="T2.9_1">
      <node ref="U15" pin="12"/>
      <node ref="J1" pin="15"/>
    </net>
    <net code="37" name="Net-(U15-Pad13)">
      <node ref="U9" pin="11"/>
      <node ref="U15" pin="13"/>
    </net>
    <net code="38" name="Net-(U15-Pad5)">
      <node ref="U15" pin="5"/>
      <node ref="U9" pin="8"/>
    </net>
    <net code="39" name="T14-21_1">
      <node ref="U15" pin="6"/>
      <node ref="J1" pin="10"/>
    </net>
    <net code="40" name="T2.9_2">
      <node ref="U15" pin="10"/>
      <node ref="U16" pin="1"/>
    </net>
    <net code="41" name="Net-(U10-Pad6)">
      <node ref="U15" pin="11"/>
      <node ref="U10" pin="6"/>
    </net>
    <net code="42" name="Net-(U2-Pad1)">
      <node ref="U2" pin="8"/>
      <node ref="U2" pin="1"/>
      <node ref="U2" pin="2"/>
    </net>
    <net code="43" name="Net-(U16-Pad4)">
      <node ref="U16" pin="4"/>
      <node ref="U2" pin="3"/>
    </net>
    <net code="44" name="Net-(U10-Pad8)">
      <node ref="U10" pin="8"/>
      <node ref="U15" pin="9"/>
    </net>
    <net code="45" name="Net-(U16-Pad6)">
      <node ref="U17" pin="1"/>
      <node ref="U16" pin="6"/>
    </net>
    <net code="46" name="Net-(U16-Pad11)">
      <node ref="U16" pin="11"/>
      <node ref="U17" pin="5"/>
    </net>
    <net code="47" name="Net-(U2-Pad10)">
      <node ref="U2" pin="10"/>
      <node ref="U3" pin="6"/>
    </net>
    <net code="48" name="Net-(U11-Pad11)">
      <node ref="U11" pin="11"/>
      <node ref="U3" pin="5"/>
    </net>
    <net code="49" name="Net-(U10-Pad9)">
      <node ref="U12" pin="8"/>
      <node ref="U10" pin="9"/>
      <node ref="U9" pin="1"/>
      <node ref="U16" pin="13"/>
      <node ref="U16" pin="5"/>
      <node ref="U9" pin="9"/>
    </net>
    <net code="50" name="Net-(U11-Pad13)">
      <node ref="U17" pin="3"/>
      <node ref="U11" pin="13"/>
      <node ref="U5" pin="9"/>
    </net>
    <net code="51" name="~RST">
      <node ref="U8" pin="1"/>
      <node ref="U1" pin="6"/>
      <node ref="U14" pin="6"/>
      <node ref="U14" pin="2"/>
      <node ref="U5" pin="1"/>
      <node ref="U18" pin="13"/>
      <node ref="U12" pin="2"/>
      <node ref="U12" pin="6"/>
    </net>
    <net code="53" name="T22.5">
      <node ref="J1" pin="3"/>
      <node ref="U17" pin="2"/>
    </net>
    <net code="54" name="Net-(U10-Pad5)">
      <node ref="U12" pin="9"/>
      <node ref="U16" pin="9"/>
      <node ref="U8" pin="9"/>
      <node ref="U9" pin="5"/>
      <node ref="U10" pin="5"/>
      <node ref="U9" pin="12"/>
    </net>
    <net code="55" name="Net-(U12-Pad7)">
      <node ref="U12" pin="7"/>
      <node ref="U17" pin="12"/>
    </net>
    <net code="56" name="Net-(U12-Pad5)">
      <node ref="U16" pin="12"/>
      <node ref="U16" pin="10"/>
      <node ref="U12" pin="5"/>
      <node ref="U17" pin="4"/>
    </net>
    <net code="57" name="Net-(U16-Pad8)">
      <node ref="U17" pin="13"/>
      <node ref="U16" pin="8"/>
    </net>
    <net code="58" name="T23">
      <node ref="U12" pin="10"/>
      <node ref="U17" pin="6"/>
      <node ref="U18" pin="2"/>
      <node ref="U19" pin="3"/>
    </net>
    <net code="59" name="Net-(U19-Pad5)">
      <node ref="U19" pin="5"/>
      <node ref="U20" pin="10"/>
    </net>
    <net code="60" name="OPR+IOT">
      <node ref="U20" pin="11"/>
      <node ref="J1" pin="20"/>
    </net>
    <net code="61" name="Net-(U1-Pad10)">
      <node ref="U20" pin="8"/>
      <node ref="U1" pin="10"/>
    </net>
    <net code="62" name="MB4">
      <node ref="U1" pin="13"/>
      <node ref="J1" pin="31"/>
    </net>
    <net code="63" name="Net-(U1-Pad9)">
      <node ref="U1" pin="9"/>
      <node ref="U17" pin="8"/>
    </net>
    <net code="64" name="GND">
      <node ref="C1" pin="2"/>
      <node ref="R2" pin="2"/>
      <node ref="U16" pin="7"/>
      <node ref="U2" pin="7"/>
      <node ref="U8" pin="7"/>
      <node ref="C10" pin="2"/>
      <node ref="C9" pin="2"/>
      <node ref="C8" pin="2"/>
      <node ref="C7" pin="2"/>
      <node ref="U9" pin="7"/>
      <node ref="C6" pin="2"/>
      <node ref="C5" pin="2"/>
      <node ref="U10" pin="7"/>
      <node ref="C4" pin="2"/>
      <node ref="C3" pin="2"/>
      <node ref="C2" pin="2"/>
      <node ref="R5" pin="2"/>
      <node ref="J1" pin="1"/>
      <node ref="U18" pin="7"/>
      <node ref="U21" pin="7"/>
      <node ref="U20" pin="7"/>
      <node ref="U19" pin="7"/>
      <node ref="U17" pin="7"/>
      <node ref="U15" pin="7"/>
      <node ref="U14" pin="11"/>
      <node ref="U13" pin="7"/>
      <node ref="U12" pin="11"/>
      <node ref="U7" pin="7"/>
      <node ref="U6" pin="7"/>
      <node ref="U4" pin="7"/>
      <node ref="J1" pin="32"/>
      <node ref="U3" pin="7"/>
      <node ref="J1" pin="33"/>
      <node ref="J1" pin="34"/>
      <node ref="U1" pin="7"/>
      <node ref="J1" pin="35"/>
      <node ref="J1" pin="36"/>
      <node ref="U5" pin="8"/>
      <node ref="U11" pin="18"/>
      <node ref="U11" pin="19"/>
      <node ref="U5" pin="3"/>
      <node ref="U5" pin="4"/>
      <node ref="U5" pin="5"/>
      <node ref="U5" pin="6"/>
      <node ref="U11" pin="12"/>
    </net>
    <net code="65" name="+5V">
      <node ref="U5" pin="16"/>
      <node ref="U11" pin="24"/>
      <node ref="U1" pin="14"/>
      <node ref="U3" pin="14"/>
      <node ref="U4" pin="14"/>
      <node ref="U6" pin="14"/>
      <node ref="U7" pin="14"/>
      <node ref="U12" pin="4"/>
      <node ref="U13" pin="14"/>
      <node ref="U14" pin="4"/>
      <node ref="U15" pin="14"/>
      <node ref="U17" pin="14"/>
      <node ref="Q1" pin="3"/>
      <node ref="J1" pin="2"/>
      <node ref="U19" pin="14"/>
      <node ref="U20" pin="14"/>
      <node ref="R4" pin="1"/>
      <node ref="U21" pin="14"/>
      <node ref="U18" pin="14"/>
      <node ref="R6" pin="1"/>
      <node ref="C3" pin="1"/>
      <node ref="R1" pin="1"/>
      <node ref="C4" pin="1"/>
      <node ref="C5" pin="1"/>
      <node ref="U10" pin="14"/>
      <node ref="C6" pin="1"/>
      <node ref="C7" pin="1"/>
      <node ref="U9" pin="14"/>
      <node ref="C8" pin="1"/>
      <node ref="C9" pin="1"/>
      <node ref="C10" pin="1"/>
      <node ref="U8" pin="14"/>
      <node ref="U2" pin="14"/>
      <node ref="U16" pin="14"/>
      <node ref="R7" pin="2"/>
    </net>
    <net code="66" name="HLT_COMMAND">
      <node ref="U21" pin="1"/>
      <node ref="J1" pin="5"/>
    </net>
    <net code="67" name="~RUN_COMMAND">
      <node ref="U13" pin="9"/>
      <node ref="J1" pin="4"/>
    </net>
    <net code="68" name="/26">
      <node ref="J1" pin="26"/>
    </net>
    <net code="69" name="~EXEC">
      <node ref="U14" pin="8"/>
      <node ref="J1" pin="30"/>
      <node ref="U19" pin="2"/>
      <node ref="U20" pin="1"/>
    </net>
    <net code="70" name="Net-(Q1-Pad1)">
      <node ref="Q1" pin="1"/>
      <node ref="R2" pin="1"/>
      <node ref="U6" pin="4"/>
    </net>
    <net code="71" name="Net-(R1-Pad2)">
      <node ref="U6" pin="10"/>
      <node ref="U6" pin="12"/>
      <node ref="U6" pin="13"/>
      <node ref="U6" pin="5"/>
      <node ref="U6" pin="2"/>
      <node ref="U6" pin="1"/>
      <node ref="R1" pin="2"/>
    </net>
    <net code="72" name="Net-(R3-Pad1)">
      <node ref="U6" pin="6"/>
      <node ref="U6" pin="9"/>
      <node ref="R3" pin="1"/>
    </net>
    <net code="73" name="CLK">
      <node ref="U6" pin="8"/>
      <node ref="U13" pin="1"/>
      <node ref="U12" pin="1"/>
    </net>
    <net code="74" name="Net-(U12-Pad12)">
      <node ref="U13" pin="2"/>
      <node ref="U12" pin="12"/>
    </net>
    <net code="75" name="MCPA">
      <node ref="U17" pin="10"/>
      <node ref="U2" pin="13"/>
      <node ref="J1" pin="13"/>
      <node ref="U2" pin="9"/>
    </net>
    <net code="76" name="Net-(U13-Pad3)">
      <node ref="U17" pin="11"/>
      <node ref="U13" pin="5"/>
      <node ref="U13" pin="4"/>
      <node ref="U13" pin="3"/>
      <node ref="U5" pin="2"/>
    </net>
    <net code="77" name="MCPB">
      <node ref="U18" pin="1"/>
      <node ref="U13" pin="6"/>
      <node ref="J1" pin="11"/>
    </net>
    <net code="78" name="FETCH">
      <node ref="U19" pin="4"/>
      <node ref="J1" pin="21"/>
      <node ref="U20" pin="6"/>
    </net>
    <net code="79" name="EXECUTE">
      <node ref="J1" pin="23"/>
      <node ref="U20" pin="2"/>
    </net>
    <net code="80" name="~F+DEP+EXM">
      <node ref="J1" pin="24"/>
      <node ref="U20" pin="12"/>
    </net>
    <net code="81" name="~T2-9(F+D+E)">
      <node ref="J1" pin="19"/>
      <node ref="U16" pin="3"/>
    </net>
    <net code="82" name="~F.T23.OPR+IOT">
      <node ref="U19" pin="6"/>
      <node ref="U20" pin="9"/>
      <node ref="J1" pin="18"/>
    </net>
    <net code="83" name="T14-21_2">
      <node ref="J1" pin="12"/>
      <node ref="U15" pin="8"/>
    </net>
    <net code="84" name="~DEP+EXM">
      <node ref="U7" pin="2"/>
      <node ref="U19" pin="9"/>
      <node ref="J1" pin="6"/>
      <node ref="U21" pin="13"/>
      <node ref="U19" pin="13"/>
    </net>
    <net code="85" name="~CANCEL+DEP+EXM">
      <node ref="J1" pin="17"/>
      <node ref="U21" pin="8"/>
    </net>
    <net code="86" name="FAST_SLOW">
      <node ref="Q1" pin="2"/>
      <node ref="C1" pin="1"/>
      <node ref="R3" pin="2"/>
      <node ref="J1" pin="7"/>
    </net>
    <net code="87" name="~RUN">
      <node ref="J1" pin="27"/>
      <node ref="U21" pin="9"/>
      <node ref="U12" pin="13"/>
    </net>
    <net code="88" name="/25">
      <node ref="J1" pin="25"/>
    </net>
    <net code="89" name="/22">
      <node ref="J1" pin="22"/>
    </net>
    <net code="90" name="T23.5">
      <node ref="U18" pin="6"/>
      <node ref="U14" pin="5"/>
      <node ref="U21" pin="5"/>
      <node ref="U14" pin="1"/>
      <node ref="U17" pin="9"/>
    </net>
    <net code="91" name="Net-(U18-Pad3)">
      <node ref="U18" pin="5"/>
      <node ref="U18" pin="3"/>
      <node ref="U18" pin="4"/>
    </net>
    <net code="92" name="EXEC_Q">
      <node ref="U21" pin="2"/>
      <node ref="U14" pin="9"/>
    </net>
    <net code="93" name="Net-(U14-Pad12)">
      <node ref="U14" pin="12"/>
    </net>
    <net code="94" name="Net-(U7-Pad1)">
      <node ref="U7" pin="1"/>
      <node ref="U7" pin="12"/>
      <node ref="U7" pin="8"/>
    </net>
    <net code="95" name="Net-(U1-Pad8)">
      <node ref="U7" pin="13"/>
      <node ref="U1" pin="8"/>
    </net>
    <net code="96" name="Net-(U7-Pad10)">
      <node ref="U8" pin="6"/>
      <node ref="U7" pin="10"/>
    </net>
    <net code="97" name="Net-(U14-Pad14)">
      <node ref="U7" pin="9"/>
      <node ref="U14" pin="14"/>
      <node ref="U7" pin="11"/>
    </net>
    <net code="98" name="Net-(U8-Pad3)">
      <node ref="U8" pin="4"/>
      <node ref="U8" pin="3"/>
      <node ref="U8" pin="5"/>
    </net>
    <net code="99" name="Net-(U7-Pad3)">
      <node ref="U7" pin="3"/>
      <node ref="U7" pin="4"/>
      <node ref="U7" pin="5"/>
    </net>
    <net code="100" name="Net-(U14-Pad7)">
      <node ref="U14" pin="7"/>
      <node ref="U7" pin="6"/>
    </net>
    <net code="101" name="~FETCH">
      <node ref="J1" pin="28"/>
      <node ref="U19" pin="12"/>
      <node ref="U20" pin="5"/>
      <node ref="U19" pin="10"/>
      <node ref="U19" pin="11"/>
    </net>
    <net code="102" name="Net-(U16-Pad2)">
      <node ref="U19" pin="8"/>
      <node ref="U20" pin="13"/>
      <node ref="U16" pin="2"/>
    </net>
    <net code="103" name="Net-(U12-Pad3)">
      <node ref="U13" pin="11"/>
      <node ref="U12" pin="3"/>
      <node ref="U13" pin="10"/>
    </net>
    <net code="104" name="Net-(U13-Pad13)">
      <node ref="U18" pin="8"/>
      <node ref="U13" pin="13"/>
    </net>
    <net code="105" name="Net-(U12-Pad14)">
      <node ref="U13" pin="8"/>
      <node ref="U13" pin="12"/>
      <node ref="U12" pin="14"/>
    </net>
    <net code="106" name="Net-(U18-Pad10)">
      <node ref="U18" pin="11"/>
      <node ref="U18" pin="9"/>
      <node ref="U18" pin="10"/>
    </net>
    <net code="107" name="Net-(U18-Pad12)">
      <node ref="U18" pin="12"/>
      <node ref="U21" pin="10"/>
      <node ref="U21" pin="6"/>
    </net>
    <net code="108" name="Net-(U21-Pad11)">
      <node ref="U21" pin="11"/>
      <node ref="U21" pin="4"/>
    </net>
    <net code="109" name="Net-(U21-Pad12)">
      <node ref="U21" pin="12"/>
      <node ref="U21" pin="3"/>
    </net>
    <net code="110" name="Net-(U1-Pad1)">
      <node ref="U2" pin="6"/>
      <node ref="U1" pin="1"/>
    </net>
    <net code="111" name="Net-(R6-Pad2)">
      <node ref="R6" pin="2"/>
      <node ref="U1" pin="5"/>
      <node ref="U1" pin="4"/>
      <node ref="U1" pin="2"/>
    </net>
    <net code="112" name="Net-(C2-Pad1)">
      <node ref="U2" pin="5"/>
      <node ref="U2" pin="4"/>
      <node ref="R5" pin="1"/>
      <node ref="C2" pin="1"/>
    </net>
    <net code="113" name="Net-(R7-Pad1)">
      <node ref="U14" pin="3"/>
      <node ref="R7" pin="1"/>
      <node ref="U14" pin="10"/>
    </net>
    <net code="114" name="~DEFER">
      <node ref="U19" pin="1"/>
      <node ref="J1" pin="29"/>
      <node ref="U8" pin="2"/>
      <node ref="U14" pin="13"/>
    </net>
    <net code="115" name="Net-(U10-Pad1)">
      <node ref="U10" pin="1"/>
      <node ref="U3" pin="8"/>
      <node ref="U4" pin="9"/>
    </net>
    <net code="116" name="Net-(U10-Pad3)">
      <node ref="U10" pin="3"/>
    </net>
  </nets>
</export>
